{
    "requests": 5,
    "tokens": 3126,
    "errors": 0,
    "latencies": [
        138.22425818443298,
        152.20682048797607,
        112.28190398216248,
        210.406485080719,
        251.51054644584656
    ]
}