{
    "requests": 3,
    "tokens": 2362,
    "errors": 0,
    "latencies": [
        32.43038606643677,
        31.56614589691162,
        25.833415985107422
    ]
}